"id","year","communitynumber_communityname_ar","communitynumber_communityname_en","population"
"1","2018","415-الخيران الأولى","415-AL KHAIRAN FIRST","2"
"2","2018","416-ند الحمر","416-NAD AL HAMAR","13589"
"3","2018","421-الورقاء الأولى","421-AL WARQAA FIRST","21696"
"4","2018","422-الورقاء الثانية","422-AL WARQAA  SECOND","10237"
"5","2018","423-الورقاء الثالثة","423-AL WARQAA THIRD","14208"
"6","2018","424- الورقاء الرابعة ","424-AL WARQAA FOURTH ","12910"
"7","2018","425- الورقاء الخامسة ","425-AL WARQAA FIFTH ","60"
"8","2018","431-وادي الشبك ","431-WADI ALSHABAK ","55"
"9","2018","501-نخلة جبل علي","501-NAKHLAT JABAL ALI","5"
"10","2018","502-الواجهة البحرية","502-AL WAJEHAH AL BHARIYAH","4"
"11","2018","511-حصيان الاولى","511-HESSYAN FIRST","3300"
"12","2018","512-حصيان الثانية","512-HESSYAN SECOND","45"
"13","2018","513-سيح شعيب 1","513-SAIH SHUAIB 1","9"
"14","2018","516-جبل علي الصناعية الثالثة ","516-JABAL ALI INDUSTRIAL THIRD","2462"
"15","2018","518-جبل علي الصناعية الثانية","518-JABAL ALI INDUSTRIAL SECOND","23000"
"16","2018","521-مدينة المطار","521-MADINAT AL MATAAR","2183"
"17","2018","531-سيح شعيب 2","531-SAIH SHUAIB 2","13665"
"18","2018","532-سيح شعيب 3","532-SAIH SHUAIB 3","11144"
"19","2018","533-سيح شعيب 4","533-SAIH SHUAIB 4","11170"
"20","2018","591-جبل علي الأولى","591-JABAL ALI FIRST","69115"
"21","2018","592-جبل علي الثانية","592-JABAL ALI  SECOND","1561"
"22","2018","824-أم الدمن","824-UMM AL DAMAN","258"
"23","2018","826-الحميرا","826-LE HEMAIRA","53"
"24","2018","831-لهباب الثانية","831-LEHBAB SECOND","1363"
"25","2018","835-أم المؤمنين","835-UMM AL MOMENEEN","309"
"26","2018","841-مرغم","841-MARGHAM","930"
"27","2018","845-المها","845-AL MAHA","175"
"28","2018","847-أم السلي","847-UMM ESELAY","187"
"29","2018","851-رماح","851-REMAH","232"
"30","2018","857-مرقب","857-MARGAB","570"
"31","2018","861-يراح","861-YARAAH","94"
"32","2018","891-حتا","891-HATTA","13295"
"33","2018","941-قريطيسه","941-GRAYTEESAH","55"
"34","2018","945-الفقع","945-AL FAGAA","395"
"35","2018","951-سيح السلم","951-SAIH AL SALAM","589"
"36","2018","956-الحثمة","956-AL HATHMAH","35"
"37","2018","961-الصلال","961-AL SELAL","660"
"38","2018","967-غدير براشي","967-GHADEER BARASHY","7"
"39","2018","971-سيح الدحل","971-SAIH AL DAHAL","16"
"40","2018","975-العشوش","975-AL OSHOOSH","0"
"41","2018","978-سيح شعيله","978-SAIH SHUAALAH","3"
"42","2018","981-مقطره","981-MUGATRAH","804"
"43","2018","987-الليان 1","987-AL LAYAN 1","10"
"44","2018","988-الليان 2","988-AL LAYAN 2","0"
"45","2018","991-حفير","991-HEFAIR","0"
"46","2018","101-نخلة ديرة","101-NAKHLAT DEIRA","2"
"47","2018","111-الكورنيش","111-AL CORNICHE","1655"
"48","2018","112-الرأس","112-AL RASS","7314"
"49","2018","113-الضغاية","113-AL DHAGAYA","15453"
"50","2018","114-البطين","114-AL BUTEEN","2766"
"51","2018","115-السبخة","115-AL SABKHA","3861"
"52","2018","116-عيال ناصر","116-AYAL NASIR","18925"
"53","2018","117-المرر","117-AL MURAR","38294"
"54","2018","118-نايف","118-NAIF","48804"
"55","2018","119-الرقة","119-AL REGA","10279"
"56","2018","121-كورنيش ديرة","121-CORNICHE DEIRA","14"
"57","2018","392-مرسى دبي (الميناء السياحي) ","392-MARSA DUBAI (AL MINA AL SEYAHI) ","55052"
"58","2018","388-الثنيه الثالثة (تلال الامارات الثانية)","388-AL THANYAH THIRD (EMIRATE HILLS SECOND)","17737"
"59","2018","384-الثنيه الثانية (مضمار جبل علي)","384-AL THANYAH SECOND (JEBEL ALI HORSE RACING)","115"
"60","2018","383-الثنيه الأولى (قرية ربيع الصحراء)","383-AL THANYAH FIRST (V. RABIE SAHRAA)","22638"
"61","2018","382-الصفوح الثانية","382-AL SOFOUH SECOND","5592"
"62","2018","381-نخلة جميرا ","381-NAKHLAT JUMEIRA ","22333"
"63","2018","376-البرشاء الثانية","376-AL BAESHAA SECOND","14815"
"64","2018","375-البرشاء الثالثة","375-AL BARSHAA THIRD","13990"
"65","2018","373-البرشاء الأولى","373-AL BARSHAA FIRST","35469"
"66","2018","372-الصفوح الأولى","372-AL SAFOUH FIRST","4112"
"67","2018","369-القوز الصناعية الرابعة ","369-AL GOZE IND. FOURTH ","38280"
"68","2018","368-القوز الصناعية الثالثة ","368-AL GOZE IND. THIRD ","25360"
"69","2018","367-ام الشيف","367-UM AL SHEIF","4097"
"70","2018","366-ام سقيم الثالثة","366-UM SUQAIM THIRD","7021"
"71","2018","365-القوز الصناعية الثانية ","365-AL GOZE IND. SECOND ","158543"
"72","2018","364-القوز الصناعية الأولى ","364-AL GOZE IND. FIRST ","26569"
"73","2018","363-المنارة","363-AL MANARA","7709"
"74","2018","362-ام سقيم الثانية","362-UM SUQAIM SECOND","11456"
"75","2018","359-القوز الرابعة","359-AL GOZE FOURTH","21788"
"76","2018","358-القوز الثالثة","358-AL GOZE THIRD","40541"
"77","2018","357-الصفا الثانية","357-AL SAFFA SECOND","6247"
"78","2018","356-ام سقيم الأولى","356-UM SUQAIM FIRST","10867"
"79","2018","355-القوز الثانية","355-AL GOZE SECOND","4551"
"80","2018","354-القوز الأولى","354-AL GOZE FIRST","18845"
"81","2018","353-الصفا الأولى","353-AL SAFFA FIRST","7893"
"82","2018","352-جميرا الثالثة","352-JUMEIRA THIRD","12493"
"83","2018","347-المركاض","347-AL MERKADH","819"
"84","2018","346-الخليج التجاري","346-AL KALIJ AL TEJARI","19715"
"85","2018","345-برج خليفة","345-BURJ KHALIFA","18698"
"86","2018","343-الوصل","343-AL WASL","11156"
"87","2018","342-جميرا الثانية","342-JUMEIRA SECOND","9380"
"88","2018","337-زعبيل الثانية","337-ZAABEEL SECOND","7509"
"89","2018","336-المركز التجاري الثانية","336-TRADE CENTER SECOND","12155"
"90","2018","393-الثنيه الخامسة (تلال الامارات الاولى)","393-AL THANYAH FIFTH (EMIRATE HILLS FIRST) ","37067"
"91","2018","394-الثنيه الرابعة (تلال الامارات الثالثة)","394-AL THANYAH FOURTH (EMIRATE HILLS THIRD) ","23488"
"92","2018","412-الخيران","412-AL KHEERAN","4641"
"93","2018","911-أم نهد الأولى","911-UMM NAHAD FIRST","8"
"94","2018","912-أم نهد الثانية","912-UMM NAHAD SECOND","2"
"95","2018","913-أم نهد الثالثة","913-UMM NAHAD THIRD","2329"
"96","2018","914-أم نهد الرابعة","914-UMM NAHAD FOURTH","4"
"97","2018","915-اليفره 1","915-AL YUFRAH 1","403"
"98","2018","916-اليفره 2","916-AL YUFRAH 2","2"
"99","2018","917-المرموم","917-AL MARMOOM","79"
"100","2018","918-اليفره 3","918-AL YUFRAH 3","4"
"101","2018","919-اليفره 4","919-AL YUFRAH 4","3"
"102","2018","921-اليلايس 1","921-AL YALAYIS 1","0"
"103","2018","922-اليلايس 2","922-AL YALAYIS 2","217"
"104","2018","923-اليلايس 3","923-AL YALAYIS 3","4"
"105","2018","924-اليلايس 4","924-AL YALAYIS 4","8"
"106","2018","811-ورسان الثالثة","811-WARSAN THIRD","13316"
"107","2018","812-الرويه الأولى","812-AL ROWAIYAH FIRST","2923"
"108","2018","813-الرويه الثانية","813-AL ROWAIYAH SECOND","25"
"109","2018","814-الرويه الثالثة","814-AL ROWAIYAH THIRD","4036"
"110","2018","821-مرييل","821-MEREIYEEL","1119"
"111","2018","925-اليلايس 5","925-AL YALAYIS 5","100"
"112","2018","931-الليسيلي","931-AL LESAILY","2633"
"113","2018","413-رأس الخور","413-RAS AL KHOR","2"
"114","2018","646-وادي الصفا 4","646-WADI AL SAFA 4","2"
"115","2018","648-وادي الصفا 5","648-WADI AL SAFA 5","19550"
"116","2018","664-وادي الصفا 6 (المرابع العربية)","664-WADI AL SAFA 6 (ARABIAN RANCHES)","16179"
"117","2018","665-وادي الصفا 7 ","665-WADI AL SAFA 7","7740"
"118","2018","671-البرشاء جنوب الأولى","671-AL BARSHA SOUTH FIRST","13267"
"119","2018","672-البرشاء جنوب الثانية","672-AL BARSHA SOUTH SECOND","7057"
"120","2018","673-البرشاء جنوب الثالثة","673-AL BARSHA SOUTH THIRD","4566"
"121","2018","674-الحبيه الأولى","674-AL HEBIAH FIRST","9672"
"122","2018","675-الحبيه الثانية","675-AL HEBIAH SECOND","1032"
"123","2018","676-الحبيه الثالثة","676-AL HEBIAH THIRD","6250"
"124","2018","677-الحبيه السادسة","677-AL HEBIAH SIXTH","1759"
"125","2018","681-البرشاء جنوب الرابعة","681-AL BARSHA SOUTH FOURTH","25297"
"126","2018","682-الحبيه الرابعة","682-AL HEBIAH FOURTH","18789"
"127","2018","683-الحبيه الخامسة","683-AL HEBIAH FIFTH","8919"
"128","2018","684-البرشاء جنوب الخامسة","684-AL BARSHA SOUTH FIFTH","6753"
"129","2018","685-معيصم الأولى","685-MEAISEM FIRST","17413"
"130","2018","686-معيصم الثانية","686-MEAISEM SECOND","11"
"131","2018","711-العوير الأولى","711-AL AWEER ONE","3587"
"132","2018","721-العوير الثانية","721-AL AWEER TWO","4870"
"133","2018","724-نخلي","724-ENKHALI","26"
"134","2018","727-الوحوش","727-AL WOHOOSH","46"
"135","2018","731-لهباب الأولى","731-LEHBAB FIRST","2921"
"136","2018","735-المريال","735-AL MERYAL","727"
"137","2018","736-نزوه","736-NAZWAH","504"
"138","2018","335-المركز التجاري الأولى","335-TRADE CENTER FIRST","15355"
"139","2018","334-السطوة","334-AL SATWA","41048"
"140","2018","333-البدع","333-AL BADA","54338"
"141","2018","332-جميرا الأولى","332-JUMEIRA FIRST","18843"
"142","2018","326-الجداف","326-AL JADAF","4197"
"143","2018","325-زعبيل الأولى","325-ZAABEEL FIRST","3062"
"144","2018","324-الكفاف","324-AL KIFAF","2"
"145","2018","323-الجافلية","323-AL JAFLIYA","21957"
"146","2018","322-الحضيبة","322-AL HUDAIBA","13034"
"147","2018","321-مدينه دبي الملاحيه (الميناء)","321-MADINAT DUBAI AL MELAHEYAH (AL MINA)","14129"
"148","2018","319-عود ميثاء","319-OUD METHA","13616"
"149","2018","318-الكرامة","318-AL KARAMA","70558"
"150","2018","317-المنخول","317-AL MANKHOOL","37400"
"151","2018","316-الرفاعة","316-AL RAFFA","42904"
"152","2018","315-ام هرير الثانية","315-UM HURAIR SECOND","4867"
"153","2018","314-ام هرير الأولى","314-UM HURAIR FIRST","5351"
"154","2018","313-الحمرية","313-AL HAMRIYA","33421"
"155","2018","312-السوق الكبير","312-AL SUQ AL KABEER","46929"
"156","2018","311-الشندغة","311-AL SHANDAGA","2"
"157","2018","304-جزيرة جميرا 2","304-JUMEIRA ISLAND 2","3"
"158","2018","303-جزر العالم","303-WORLD ISLANDS","7"
"159","2018","302-شاطئ جميرا","302-JUMEIRA BAY","39"
"160","2018","284-الطي","284-AL TTAY","805"
"161","2018","283-العياص","283-AL AYAS","1706"
"162","2018","282-الخوانيج الثانية","282-AL KHAWANEEJ TWO","3865"
"163","2018","281-الخوانيج الأولى","281-AL KHAWANEEJ ONE","12241"
"164","2018","271-وادي العمردي","271-WADI ALAMRADI","3193"
"165","2018","268-عود المطينة الثالثة","268-OUD AL MUTEEN THIRD ","6344"
"166","2018","267-محصينة الخامسة ","267-MUHAISANAH FIFTH","2"
"167","2018","266-عود المطينة الثانية ","266-OUD AL MUTEEN SECOND ","5047"
"168","2018","265-عود المطينة الأولى","265-OUD AL MUTEEN FIRST","12510"
"169","2018","264-محيصنة الثانية ","264-MUHAISANAH SECOND ","197838"
"170","2018","122-البراحة","122-AL BARAHA","24373"
"171","2018","123-المطينة","123-AL MUTEENA","43473"
"172","2018","124-المرقبات","124-AL MURQABAT","68717"
"173","2018","125-رقة البطين","125-REGA AL BUTEEN","6984"
"174","2018","126-ابو هيل","126-ABU HAIL","16905"
"175","2018","127-هورالعنز","127-HOR AL ANZ","81741"
"176","2018","128-الخبيصي","128-AL KHBEESI","1952"
"177","2018","129-بور سعيد","129-PORT SAEED","13266"
"178","2018","131-ميناء الحمرية","131-AL HAMRIYA PORT","468"
"179","2018","132-الوحيدة","132-AL WAHEDA","20392"
"180","2018","133-هور العنز شرق","133-HOR AL ANZ EAST","20847"
"181","2018","134-الممزر","134-AL MAMZER","14178"
"182","2018","213-ند شما","213-NAD SHAMMA","2964"
"183","2018","214-القرهود","214-AL GARHOUD","18424"
"184","2018","215-ام رمول","215-UM RAMOOL","3545"
"185","2018","216-الراشدية","216-AL RASHIDIYA","34594"
"186","2018","221-مطار دبي الدولي","221-DUBAI  AIRPORT","22"
"187","2018","226-الطوار الأولى","226-AL TWAR FIRST","10957"
"188","2018","227-الطوار الثانية","227-AL TWAR SECOND","4577"
"189","2018","228-الطوار الثالثة","228-AL TWAR THIRD","10217"
"190","2018","231-النهدة الأولى","231-AL NAHDA FIRST","29011"
"191","2018","232-القصيص الأولى","232-AL QUSAIS FIRST","41818"
"192","2018","233-القصيص الثانية","233-AL QUSAIS SECOND","11442"
"193","2018","234-القصيص الثالثة","234-AL QUSAIS THIRD","6812"
"194","2018","241-النهدة الثانية","241-AL NAHDA SECOND","56489"
"195","2018","242-القصيص الصناعية الأولى","242-AL QUSAIS IND. FIRST","8362"
"196","2018","243-القصيص الصناعية الثانية","243-AL QUSAIS IND. SECOND","8063"
"197","2018","244-محيصنة الثالثة","244-MUHAISANAH THIRD","6129"
"198","2018","645-وادي الصفا 3","645-WADI AL SAFA 3","9599"
"199","2018","643-وادي الصفا 2","643-WADI AL SAFA 2","9623"
"200","2018","631-حدائق الشيخ محمد بن راشد","631-HADAEQ SHEIKH MOHAMMED BIN RASHID","68"
"201","2018","626-ند حصة","626-NADD HESSA","35361"
"202","2018","624-ورسان الرابعة","624-WARSAN FOURTH","8359"
"203","2018","622-ورسان الثانية","622-WARSAN SECOND","1524"
"204","2018","621-ورسان الأولى","621-WARSAN FIRST","97159"
"205","2018","618-ند الشبا الأولى","618-NAD AL SHIBBA FIRST","5485"
"206","2018","617-ند الشبا الرابعة","617-NAD AL SHIBBA FOURTH","3505"
"207","2018","616-ند الشبا الثالثة","616-NAD AL SHIBBA THIRD","137"
"208","2018","615-ند الشبا الثانية","615-NAD AL SHIBBA SECOND","2258"
"209","2018","614-رأس الخور الصناعية الثالثة","614-RAS AL KHOR IND. THIRD","21500"
"210","2018","613-رأس الخور الصناعية الثانية","613-RAS AL KHOR IND. SECOND","2352"
"211","2018","612-رأس الخور الصناعية الأولى","612-RAS AL KHOR IND. FIRST","2393"
"212","2018","611-بو كدرة","611-BU KADRA","15"
"213","2018","599-جبل علي الصناعية الأولى","599-JABAL ALI INDUSTRIAL FIRST","129024"
"214","2018","598-مجمع دبي للإستثمارالاول","598-DUBAI INVESTMENT PARK1","69000"
"215","2018","597-مجمع دبي للإستثمار الثاني","597-DUBAI INVESTMENT PARK2","59763"
"216","2018","594-ميناء جبل علي","594-MENA JABAL ALI","28600"
"217","2018","593-جبل علي الثالثة","593-JABAL ALI THIRD","1513"
"218","2018","263-المزهر الثانية","263-AL MEZHAR SECOND","10781"
"219","2018","262-المزهر الأولى","262-AL MEZHAR FIRST","15806"
"220","2018","261-محيصنة الأولى","261-MUHAISANAH FIRST","7375"
"221","2018","252-مشرف","252-MUSHRAIF","63"
"222","2018","251-مردف","251-MURDAF","60288"
"223","2018","248-القصيص الصناعية الخامسة","248-AL QUSAIS IND FIFTH","1286"
"224","2018","247-القصيص الصناعية الرابعة","247-AL QUSAIS IND. FOURTH","2476"
"225","2018","246-القصيص الصناعية الثالثة","246-AL QUSAIS IND. THIRD","2559"
"226","2018","245-محيصنة الرابعة","245-MUHAISANAH FOURTH","32346"
"227","2019","265-عود المطينة الأولى","265-OUD AL MUTEEN FIRST","14672"
"228","2019","264-محيصنة الثانية ","264-MUHAISANAH SECOND ","196316"
"229","2019","263-المزهر الثانية","263-AL MEZHAR SECOND","11317"
"230","2019","262-المزهر الأولى","262-AL MEZHAR FIRST","16552"
"231","2019","261-محيصنة الأولى","261-MUHAISANAH FIRST","8091"
"232","2019","252-مشرف","252-MUSHRAIF","67"
"233","2019","251-مردف","251-MURDAF","64355"
"234","2019","248-القصيص الصناعية الخامسة","248-AL QUSAIS IND FIFTH","1613"
"235","2019","247-القصيص الصناعية الرابعة","247-AL QUSAIS IND. FOURTH","2709"
"236","2019","246-القصيص الصناعية الثالثة","246-AL QUSAIS IND. THIRD","2710"
"237","2019","245-محيصنة الرابعة","245-MUHAISANAH FOURTH","34947"
"238","2019","244-محيصنة الثالثة","244-MUHAISANAH THIRD","6493"
"239","2019","243-القصيص الصناعية الثانية","243-AL QUSAIS IND. SECOND","8834"
"240","2019","242-القصيص الصناعية الأولى","242-AL QUSAIS IND. FIRST","9369"
"241","2019","241-النهدة الثانية","241-AL NAHDA SECOND","61936"
"242","2019","234-القصيص الثالثة","234-AL QUSAIS THIRD","7162"
"243","2019","233-القصيص الثانية","233-AL QUSAIS SECOND","12473"
"244","2019","232-القصيص الأولى","232-AL QUSAIS FIRST","45657"
"245","2019","231-النهدة الأولى","231-AL NAHDA FIRST","31449"
"246","2019","228-الطوار الثالثة","228-AL TWAR THIRD","10655"
"247","2019","227-الطوار الثانية","227-AL TWAR SECOND","4835"
"248","2019","226-الطوار الأولى","226-AL TWAR FIRST","11509"
"249","2019","369-القوز الصناعية الرابعة ","369-AL GOZE IND. FOURTH ","38079"
"250","2019","368-القوز الصناعية الثالثة ","368-AL GOZE IND. THIRD ","26656"
"251","2019","367-ام الشيف","367-UM AL SHEIF","4367"
"252","2019","366-ام سقيم الثالثة","366-UM SUQAIM THIRD","7520"
"253","2019","365-القوز الصناعية الثانية ","365-AL GOZE IND. SECOND ","159978"
"254","2019","364-القوز الصناعية الأولى ","364-AL GOZE IND. FIRST ","26075"
"255","2019","363-المنارة","363-AL MANARA","8271"
"256","2019","362-ام سقيم الثانية","362-UM SUQAIM SECOND","12325"
"257","2019","359-القوز الرابعة","359-AL GOZE FOURTH","22718"
"258","2019","358-القوز الثالثة","358-AL GOZE THIRD","40553"
"259","2019","357-الصفا الثانية","357-AL SAFFA SECOND","6679"
"260","2019","356-ام سقيم الأولى","356-UM SUQAIM FIRST","11718"
"261","2019","355-القوز الثانية","355-AL GOZE SECOND","5240"
"262","2019","354-القوز الأولى","354-AL GOZE FIRST","20154"
"263","2019","353-الصفا الأولى","353-AL SAFFA FIRST","8514"
"264","2019","352-جميرا الثالثة","352-JUMEIRA THIRD","13417"
"265","2019","347-المركاض","347-AL MERKADH","1317"
"266","2019","346-الخليج التجاري","346-AL KALIJ AL TEJARI","21179"
"267","2019","345-برج خليفة","345-BURJ KHALIFA","20477"
"268","2019","861-يراح","861-YARAAH","94"
"269","2019","857-مرقب","857-MARGAB","628"
"270","2019","851-رماح","851-REMAH","232"
"271","2019","847-أم السلي","847-UMM ESELAY","204"
"272","2019","845-المها","845-AL MAHA","193"
"273","2019","841-مرغم","841-MARGHAM","1005"
"274","2019","835-أم المؤمنين","835-UMM AL MOMENEEN","309"
"275","2019","831-لهباب الثانية","831-LEHBAB SECOND","1511"
"276","2019","826-الحميرا","826-LE HEMAIRA","53"
"277","2019","824-أم الدمن","824-UMM AL DAMAN","283"
"278","2019","821-مرييل","821-MEREIYEEL","1119"
"279","2019","814-الرويه الثالثة","814-AL ROWAIYAH THIRD","4429"
"280","2019","813-الرويه الثانية","813-AL ROWAIYAH SECOND","25"
"281","2019","812-الرويه الأولى","812-AL ROWAIYAH FIRST","3127"
"282","2019","811-ورسان الثالثة","811-WARSAN THIRD","13579"
"283","2019","736-نزوه","736-NAZWAH","544"
"284","2019","735-المريال","735-AL MERYAL","754"
"285","2019","731-لهباب الأولى","731-LEHBAB FIRST","3197"
"286","2019","727-الوحوش","727-AL WOHOOSH","46"
"287","2019","322-الحضيبة","322-AL HUDAIBA","14191"
"288","2019","321-مدينه دبي الملاحيه (الميناء)","321-MADINAT DUBAI AL MELAHEYAH (AL MINA)","15172"
"289","2019","319-عود ميثاء","319-OUD METHA","14901"
"290","2019","318-الكرامة","318-AL KARAMA","75066"
"291","2019","317-المنخول","317-AL MANKHOOL","40091"
"292","2019","316-الرفاعة","316-AL RAFFA","47140"
"293","2019","315-ام هرير الثانية","315-UM HURAIR SECOND","5328"
"294","2019","314-ام هرير الأولى","314-UM HURAIR FIRST","5856"
"295","2019","313-الحمرية","313-AL HAMRIYA","36738"
"296","2019","312-السوق الكبير","312-AL SUQ AL KABEER","51012"
"297","2019","311-الشندغة","311-AL SHANDAGA","2"
"298","2019","304-جزيرة جميرا 2","304-JUMEIRA ISLAND 2","3"
"299","2019","303-جزر العالم","303-WORLD ISLANDS","7"
"300","2019","302-شاطئ جميرا","302-JUMEIRA BAY","39"
"301","2019","284-الطي","284-AL TTAY","810"
"302","2019","283-العياص","283-AL AYAS","1757"
"303","2019","282-الخوانيج الثانية","282-AL KHAWANEEJ TWO","4523"
"304","2019","281-الخوانيج الأولى","281-AL KHAWANEEJ ONE","12893"
"305","2019","271-وادي العمردي","271-WADI ALAMRADI","3368"
"306","2019","268-عود المطينة الثالثة","268-OUD AL MUTEEN THIRD ","6679"
"307","2019","267-محصينة الخامسة ","267-MUHAISANAH FIFTH","2"
"308","2019","266-عود المطينة الثانية ","266-OUD AL MUTEEN SECOND ","5506"
"309","2019","381-نخلة جميرا ","381-NAKHLAT JUMEIRA ","24448"
"310","2019","376-البرشاء الثانية","376-AL BAESHAA SECOND","15523"
"311","2019","375-البرشاء الثالثة","375-AL BARSHAA THIRD","14601"
"312","2019","373-البرشاء الأولى","373-AL BARSHAA FIRST","39451"
"313","2019","372-الصفوح الأولى","372-AL SAFOUH FIRST","4435"
"314","2019","115-السبخة","115-AL SABKHA","3969"
"315","2019","114-البطين","114-AL BUTEEN","2841"
"316","2019","113-الضغاية","113-AL DHAGAYA","15899"
"317","2019","613-رأس الخور الصناعية الثانية","613-RAS AL KHOR IND. SECOND","2514"
"318","2019","614-رأس الخور الصناعية الثالثة","614-RAS AL KHOR IND. THIRD","21834"
"319","2019","615-ند الشبا الثانية","615-NAD AL SHIBBA SECOND","2389"
"320","2019","616-ند الشبا الثالثة","616-NAD AL SHIBBA THIRD","767"
"321","2019","617-ند الشبا الرابعة","617-NAD AL SHIBBA FOURTH","3685"
"322","2019","618-ند الشبا الأولى","618-NAD AL SHIBBA FIRST","5948"
"323","2019","621-ورسان الأولى","621-WARSAN FIRST","106072"
"324","2019","622-ورسان الثانية","622-WARSAN SECOND","1568"
"325","2019","624-ورسان الرابعة","624-WARSAN FOURTH","8994"
"326","2019","626-ند حصة","626-NADD HESSA","38494"
"327","2019","631-حدائق الشيخ محمد بن راشد","631-HADAEQ SHEIKH MOHAMMED BIN RASHID","1563"
"328","2019","643-وادي الصفا 2","643-WADI AL SAFA 2","10519"
"329","2019","645-وادي الصفا 3","645-WADI AL SAFA 3","9764"
"330","2019","646-وادي الصفا 4","646-WADI AL SAFA 4","2"
"331","2019","648-وادي الصفا 5","648-WADI AL SAFA 5","21241"
"332","2019","664-وادي الصفا 6 (المرابع العربية)","664-WADI AL SAFA 6 (ARABIAN RANCHES)","18213"
"333","2019","665-وادي الصفا 7 ","665-WADI AL SAFA 7","8473"
"334","2019","671-البرشاء جنوب الأولى","671-AL BARSHA SOUTH FIRST","13717"
"335","2019","672-البرشاء جنوب الثانية","672-AL BARSHA SOUTH SECOND","7509"
"336","2019","673-البرشاء جنوب الثالثة","673-AL BARSHA SOUTH THIRD","6929"
"337","2019","674-الحبيه الأولى","674-AL HEBIAH FIRST","10598"
"338","2019","675-الحبيه الثانية","675-AL HEBIAH SECOND","1523"
"339","2019","676-الحبيه الثالثة","676-AL HEBIAH THIRD","6845"
"340","2019","677-الحبيه السادسة","677-AL HEBIAH SIXTH","2322"
"341","2019","681-البرشاء جنوب الرابعة","681-AL BARSHA SOUTH FOURTH","25974"
"342","2019","682-الحبيه الرابعة","682-AL HEBIAH FOURTH","20611"
"343","2019","683-الحبيه الخامسة","683-AL HEBIAH FIFTH","9748"
"344","2019","684-البرشاء جنوب الخامسة","684-AL BARSHA SOUTH FIFTH","7384"
"345","2019","685-معيصم الأولى","685-MEAISEM FIRST","18002"
"346","2019","686-معيصم الثانية","686-MEAISEM SECOND","12"
"347","2019","711-العوير الأولى","711-AL AWEER ONE","4107"
"348","2019","721-العوير الثانية","721-AL AWEER TWO","5236"
"349","2019","724-نخلي","724-ENKHALI","26"
"350","2019","343-الوصل","343-AL WASL","11555"
"351","2019","342-جميرا الثانية","342-JUMEIRA SECOND","10079"
"352","2019","337-زعبيل الثانية","337-ZAABEEL SECOND","8102"
"353","2019","336-المركز التجاري الثانية","336-TRADE CENTER SECOND","12218"
"354","2019","335-المركز التجاري الأولى","335-TRADE CENTER FIRST","16519"
"355","2019","221-مطار دبي الدولي","221-DUBAI  AIRPORT","22"
"356","2019","216-الراشدية","216-AL RASHIDIYA","37167"
"357","2019","215-ام رمول","215-UM RAMOOL","2935"
"358","2019","214-القرهود","214-AL GARHOUD","18535"
"359","2019","213-ند شما","213-NAD SHAMMA","3124"
"360","2019","134-الممزر","134-AL MAMZER","14938"
"361","2019","133-هور العنز شرق","133-HOR AL ANZ EAST","21218"
"362","2019","132-الوحيدة","132-AL WAHEDA","20785"
"363","2019","131-ميناء الحمرية","131-AL HAMRIYA PORT","481"
"364","2019","129-بور سعيد","129-PORT SAEED","13551"
"365","2019","128-الخبيصي","128-AL KHBEESI","1992"
"366","2019","127-هورالعنز","127-HOR AL ANZ","83187"
"367","2019","126-ابو هيل","126-ABU HAIL","17240"
"368","2019","125-رقة البطين","125-REGA AL BUTEEN","7120"
"369","2019","124-المرقبات","124-AL MURQABAT","69771"
"370","2019","123-المطينة","123-AL MUTEENA","46185"
"371","2019","122-البراحة","122-AL BARAHA","24747"
"372","2019","121-كورنيش ديرة","121-CORNICHE DEIRA","14"
"373","2019","119-الرقة","119-AL REGA","10480"
"374","2019","118-نايف","118-NAIF","50090"
"375","2019","117-المرر","117-AL MURAR","38970"
"376","2019","116-عيال ناصر","116-AYAL NASIR","19280"
"377","2019","334-السطوة","334-AL SATWA","38991"
"378","2019","333-البدع","333-AL BADA","56734"
"379","2019","332-جميرا الأولى","332-JUMEIRA FIRST","20356"
"380","2019","326-الجداف","326-AL JADAF","5104"
"381","2019","325-زعبيل الأولى","325-ZAABEEL FIRST","3260"
"382","2019","324-الكفاف","324-AL KIFAF","2"
"383","2019","323-الجافلية","323-AL JAFLIYA","23963"
"384","2019","412-الخيران","412-AL KHEERAN","4982"
"385","2019","394-الثنيه الرابعة (تلال الامارات الثالثة)","394-AL THANYAH FOURTH (EMIRATE HILLS THIRD) ","27728"
"386","2019","393-الثنيه الخامسة (تلال الامارات الاولى)","393-AL THANYAH FIFTH (EMIRATE HILLS FIRST) ","40586"
"387","2019","392-مرسى دبي (الميناء السياحي) ","392-MARSA DUBAI (AL MINA AL SEYAHI) ","61047"
"388","2019","388-الثنيه الثالثة (تلال الامارات الثانية)","388-AL THANYAH THIRD (EMIRATE HILLS SECOND)","21442"
"389","2019","384-الثنيه الثانية (مضمار جبل علي)","384-AL THANYAH SECOND (JEBEL ALI HORSE RACING)","115"
"390","2019","383-الثنيه الأولى (قرية ربيع الصحراء)","383-AL THANYAH FIRST (V. RABIE SAHRAA)","24834"
"391","2019","382-الصفوح الثانية","382-AL SOFOUH SECOND","6126"
"392","2019","101-نخلة ديرة","101-NAKHLAT DEIRA","2"
"393","2019","111-الكورنيش","111-AL CORNICHE","1735"
"394","2019","112-الرأس","112-AL RASS","7460"
"395","2019","413-رأس الخور","413-RAS AL KHOR","2"
"396","2019","415-الخيران الأولى","415-AL KHAIRAN FIRST","587"
"397","2019","416-ند الحمر","416-NAD AL HAMAR","14216"
"398","2019","421-الورقاء الأولى","421-AL WARQAA FIRST","24679"
"399","2019","422-الورقاء الثانية","422-AL WARQAA  SECOND","10689"
"400","2019","423-الورقاء الثالثة","423-AL WARQAA THIRD","14728"
"401","2019","424- الورقاء الرابعة ","424-AL WARQAA FOURTH ","13452"
"402","2019","425- الورقاء الخامسة ","425-AL WARQAA FIFTH ","60"
"403","2019","431-وادي الشبك ","431-WADI ALSHABAK ","55"
"404","2019","501-نخلة جبل علي","501-NAKHLAT JABAL ALI","5"
"405","2019","502-الواجهة البحرية","502-AL WAJEHAH AL BHARIYAH","4"
"406","2019","511-حصيان الاولى","511-HESSYAN FIRST","3492"
"407","2019","512-حصيان الثانية","512-HESSYAN SECOND","45"
"408","2019","513-سيح شعيب 1","513-SAIH SHUAIB 1","9"
"409","2019","516-جبل علي الصناعية الثالثة ","516-JABAL ALI INDUSTRIAL THIRD","2462"
"410","2019","518-جبل علي الصناعية الثانية","518-JABAL ALI INDUSTRIAL SECOND","23000"
"411","2019","521-مدينة المطار","521-MADINAT AL MATAAR","2697"
"412","2019","531-سيح شعيب 2","531-SAIH SHUAIB 2","14491"
"413","2019","532-سيح شعيب 3","532-SAIH SHUAIB 3","11144"
"414","2019","533-سيح شعيب 4","533-SAIH SHUAIB 4","11170"
"415","2019","591-جبل علي الأولى","591-JABAL ALI FIRST","75287"
"416","2019","592-جبل علي الثانية","592-JABAL ALI  SECOND","1570"
"417","2019","593-جبل علي الثالثة","593-JABAL ALI THIRD","1513"
"418","2019","594-ميناء جبل علي","594-MENA JABAL ALI","24487"
"419","2019","597-مجمع دبي للإستثمار الثاني","597-DUBAI INVESTMENT PARK2","60630"
"420","2019","598-مجمع دبي للإستثمارالاول","598-DUBAI INVESTMENT PARK1","69956"
"421","2019","599-جبل علي الصناعية الأولى","599-JABAL ALI INDUSTRIAL FIRST","128975"
"422","2019","891-حتا","891-HATTA","14045"
"423","2019","911-أم نهد الأولى","911-UMM NAHAD FIRST","8"
"424","2019","912-أم نهد الثانية","912-UMM NAHAD SECOND","2"
"425","2019","913-أم نهد الثالثة","913-UMM NAHAD THIRD","1347"
"426","2019","914-أم نهد الرابعة","914-UMM NAHAD FOURTH","4"
"427","2019","915-اليفره 1","915-AL YUFRAH 1","403"
"428","2019","916-اليفره 2","916-AL YUFRAH 2","58"
"429","2019","917-المرموم","917-AL MARMOOM","94"
"430","2019","918-اليفره 3","918-AL YUFRAH 3","4"
"431","2019","919-اليفره 4","919-AL YUFRAH 4","3"
"432","2019","921-اليلايس 1","921-AL YALAYIS 1","1114"
"433","2019","922-اليلايس 2","922-AL YALAYIS 2","1364"
"434","2019","923-اليلايس 3","923-AL YALAYIS 3","4"
"435","2019","924-اليلايس 4","924-AL YALAYIS 4","8"
"436","2019","925-اليلايس 5","925-AL YALAYIS 5","100"
"437","2019","931-الليسيلي","931-AL LESAILY","2856"
"438","2019","941-قريطيسه","941-GRAYTEESAH","55"
"439","2019","945-الفقع","945-AL FAGAA","417"
"440","2019","951-سيح السلم","951-SAIH AL SALAM","607"
"441","2019","956-الحثمة","956-AL HATHMAH","35"
"442","2019","961-الصلال","961-AL SELAL","665"
"443","2019","967-غدير براشي","967-GHADEER BARASHY","7"
"444","2019","971-سيح الدحل","971-SAIH AL DAHAL","16"
"445","2019","975-العشوش","975-AL OSHOOSH","0"
"446","2019","978-سيح شعيله","978-SAIH SHUAALAH","3"
"447","2019","981-مقطره","981-MUGATRAH","804"
"448","2019","987-الليان 1","987-AL LAYAN 1","10"
"449","2019","988-الليان 2","988-AL LAYAN 2","0"
"450","2019","991-حفير","991-HEFAIR","0"
"451","2019","612-رأس الخور الصناعية الأولى","612-RAS AL KHOR IND. FIRST","2550"
"452","2019","611-بو كدرة","611-BU KADRA","16"
"453","2020","422-الورقاء الثانية","422-AL WARQAA  SECOND","10981"
"454","2020","421-الورقاء الأولى","421-AL WARQAA FIRST","24865"
"455","2020","416-ند الحمر","416-NAD AL HAMAR","14571"
"456","2020","415-الخيران الأولى","415-AL KHAIRAN FIRST","947"
"457","2020","413-رأس الخور","413-RAS AL KHOR","2"
"458","2020","648-وادي الصفا 5","648-WADI AL SAFA 5","21536"
"459","2020","646-وادي الصفا 4","646-WADI AL SAFA 4","160"
"460","2020","645-وادي الصفا 3","645-WADI AL SAFA 3","9906"
"461","2020","643-وادي الصفا 2","643-WADI AL SAFA 2","10678"
"462","2020","631-حدائق الشيخ محمد بن راشد","631-HADAEQ SHEIKH MOHAMMED BIN RASHID","1688"
"463","2020","626-ند حصة","626-NADD HESSA","39131"
"464","2020","624-ورسان الرابعة","624-WARSAN FOURTH","8763"
"465","2020","513-سيح شعيب 1","513-SAIH SHUAIB 1","15"
"466","2020","516-جبل علي الصناعية الثالثة ","516-JABAL ALI INDUSTRIAL THIRD","2462"
"467","2020","518-جبل علي الصناعية الثانية","518-JABAL ALI INDUSTRIAL SECOND","23000"
"468","2020","521-مدينة المطار","521-MADINAT AL MATAAR","3404"
"469","2020","531-سيح شعيب 2","531-SAIH SHUAIB 2","14511"
"470","2020","532-سيح شعيب 3","532-SAIH SHUAIB 3","8200"
"471","2020","533-سيح شعيب 4","533-SAIH SHUAIB 4","11170"
"472","2020","591-جبل علي الأولى","591-JABAL ALI FIRST","76016"
"473","2020","592-جبل علي الثانية","592-JABAL ALI  SECOND","1573"
"474","2020","593-جبل علي الثالثة","593-JABAL ALI THIRD","1513"
"475","2020","594-ميناء جبل علي","594-MENA JABAL ALI","24795"
"476","2020","597-مجمع دبي للإستثمار الثاني","597-DUBAI INVESTMENT PARK2","54474"
"477","2020","598-مجمع دبي للإستثمارالاول","598-DUBAI INVESTMENT PARK1","69117"
"478","2020","599-جبل علي الصناعية الأولى","599-JABAL ALI INDUSTRIAL FIRST","147777"
"479","2020","611-بو كدرة","611-BU KADRA","2"
"480","2020","612-رأس الخور الصناعية الأولى","612-RAS AL KHOR IND. FIRST","2564"
"481","2020","613-رأس الخور الصناعية الثانية","613-RAS AL KHOR IND. SECOND","2529"
"482","2020","614-رأس الخور الصناعية الثالثة","614-RAS AL KHOR IND. THIRD","22358"
"483","2020","615-ند الشبا الثانية","615-NAD AL SHIBBA SECOND","2486"
"484","2020","616-ند الشبا الثالثة","616-NAD AL SHIBBA THIRD","1098"
"485","2020","617-ند الشبا الرابعة","617-NAD AL SHIBBA FOURTH","3779"
"486","2020","618-ند الشبا الأولى","618-NAD AL SHIBBA FIRST","6056"
"487","2020","621-ورسان الأولى","621-WARSAN FIRST","106601"
"488","2020","622-ورسان الثانية","622-WARSAN SECOND","1380"
"489","2020","917-المرموم","917-AL MARMOOM","96"
"490","2020","918-اليفره 3","918-AL YUFRAH 3","711"
"491","2020","919-اليفره 4","919-AL YUFRAH 4","3"
"492","2020","921-اليلايس 1","921-AL YALAYIS 1","1130"
"493","2020","922-اليلايس 2","922-AL YALAYIS 2","1380"
"494","2020","923-اليلايس 3","923-AL YALAYIS 3","4"
"495","2020","924-اليلايس 4","924-AL YALAYIS 4","8"
"496","2020","317-المنخول","317-AL MANKHOOL","40520"
"497","2020","316-الرفاعة","316-AL RAFFA","47652"
"498","2020","315-ام هرير الثانية","315-UM HURAIR SECOND","5414"
"499","2020","314-ام هرير الأولى","314-UM HURAIR FIRST","5950"
"500","2020","313-الحمرية","313-AL HAMRIYA","37012"
"501","2020","312-السوق الكبير","312-AL SUQ AL KABEER","51293"
"502","2020","311-الشندغة","311-AL SHANDAGA","7"
"503","2020","304-جزيرة جميرا 2","304-JUMEIRA ISLAND 2","3"
"504","2020","303-جزر العالم","303-WORLD ISLANDS","7"
"505","2020","302-شاطئ جميرا","302-JUMEIRA BAY","39"
"506","2020","284-الطي","284-AL TTAY","810"
"507","2020","283-العياص","283-AL AYAS","1770"
"508","2020","282-الخوانيج الثانية","282-AL KHAWANEEJ TWO","5322"
"509","2020","281-الخوانيج الأولى","281-AL KHAWANEEJ ONE","13206"
"510","2020","271-وادي العمردي","271-WADI ALAMRADI","3451"
"511","2020","268-عود المطينة الثالثة","268-OUD AL MUTEEN THIRD ","6847"
"512","2020","267-محصينة الخامسة ","267-MUHAISANAH FIFTH","2"
"513","2020","266-عود المطينة الثانية ","266-OUD AL MUTEEN SECOND ","5647"
"514","2020","265-عود المطينة الأولى","265-OUD AL MUTEEN FIRST","15052"
"515","2020","264-محيصنة الثانية ","264-MUHAISANAH SECOND ","194618"
"516","2020","263-المزهر الثانية","263-AL MEZHAR SECOND","11600"
"517","2020","262-المزهر الأولى","262-AL MEZHAR FIRST","16968"
"518","2020","261-محيصنة الأولى","261-MUHAISANAH FIRST","8283"
"519","2020","252-مشرف","252-MUSHRAIF","67"
"520","2020","251-مردف","251-MURDAF","65044"
"521","2020","248-القصيص الصناعية الخامسة","248-AL QUSAIS IND FIFTH","2034"
"522","2020","247-القصيص الصناعية الرابعة","247-AL QUSAIS IND. FOURTH","2751"
"523","2020","246-القصيص الصناعية الثالثة","246-AL QUSAIS IND. THIRD","3524"
"524","2020","245-محيصنة الرابعة","245-MUHAISANAH FOURTH","35083"
"525","2020","244-محيصنة الثالثة","244-MUHAISANAH THIRD","6649"
"526","2020","243-القصيص الصناعية الثانية","243-AL QUSAIS IND. SECOND","8967"
"527","2020","242-القصيص الصناعية الأولى","242-AL QUSAIS IND. FIRST","9511"
"528","2020","241-النهدة الثانية","241-AL NAHDA SECOND","62706"
"529","2020","112-الرأس","112-AL RASS","7537"
"530","2020","111-الكورنيش","111-AL CORNICHE","1961"
"531","2020","101-نخلة ديرة","101-NAKHLAT DEIRA","2"
"532","2020","512-حصيان الثانية","512-HESSYAN SECOND","10398"
"533","2020","511-حصيان الاولى","511-HESSYAN FIRST","3518"
"534","2020","502-الواجهة البحرية","502-AL WAJEHAH AL BHARIYAH","4"
"535","2020","501-نخلة جبل علي","501-NAKHLAT JABAL ALI","5"
"536","2020","431-وادي الشبك ","431-WADI ALSHABAK ","3"
"537","2020","425- الورقاء الخامسة ","425-AL WARQAA FIFTH ","0"
"538","2020","424- الورقاء الرابعة ","424-AL WARQAA FOURTH ","13881"
"539","2020","423-الورقاء الثالثة","423-AL WARQAA THIRD","15147"
"540","2020","352-جميرا الثالثة","352-JUMEIRA THIRD","13690"
"541","2020","347-المركاض","347-AL MERKADH","1457"
"542","2020","346-الخليج التجاري","346-AL KALIJ AL TEJARI","21497"
"543","2020","345-برج خليفة","345-BURJ KHALIFA","20795"
"544","2020","343-الوصل","343-AL WASL","11725"
"545","2020","342-جميرا الثانية","342-JUMEIRA SECOND","10284"
"546","2020","337-زعبيل الثانية","337-ZAABEEL SECOND","8258"
"547","2020","336-المركز التجاري الثانية","336-TRADE CENTER SECOND","12419"
"548","2020","335-المركز التجاري الأولى","335-TRADE CENTER FIRST","16734"
"549","2020","334-السطوة","334-AL SATWA","39297"
"550","2020","333-البدع","333-AL BADA","57487"
"551","2020","332-جميرا الأولى","332-JUMEIRA FIRST","20715"
"552","2020","326-الجداف","326-AL JADAF","5873"
"553","2020","325-زعبيل الأولى","325-ZAABEEL FIRST","3331"
"554","2020","324-الكفاف","324-AL KIFAF","2"
"555","2020","323-الجافلية","323-AL JAFLIYA","24281"
"556","2020","322-الحضيبة","322-AL HUDAIBA","14372"
"557","2020","321-مدينه دبي الملاحيه (الميناء)","321-MADINAT DUBAI AL MELAHEYAH (AL MINA)","14753"
"558","2020","319-عود ميثاء","319-OUD METHA","15061"
"559","2020","318-الكرامة","318-AL KARAMA","75560"
"560","2020","991-حفير","991-HEFAIR","0"
"561","2020","988-الليان 2","988-AL LAYAN 2","0"
"562","2020","987-الليان 1","987-AL LAYAN 1","0"
"563","2020","981-مقطره","981-MUGATRAH","805"
"564","2020","978-سيح شعيله","978-SAIH SHUAALAH","3"
"565","2020","975-العشوش","975-AL OSHOOSH","3"
"566","2020","971-سيح الدحل","971-SAIH AL DAHAL","3"
"567","2020","967-غدير براشي","967-GHADEER BARASHY","32"
"568","2020","961-الصلال","961-AL SELAL","666"
"569","2020","956-الحثمة","956-AL HATHMAH","35"
"570","2020","951-سيح السلم","951-SAIH AL SALAM","608"
"571","2020","945-الفقع","945-AL FAGAA","425"
"572","2020","941-قريطيسه","941-GRAYTEESAH","55"
"573","2020","931-الليسيلي","931-AL LESAILY","2906"
"574","2020","925-اليلايس 5","925-AL YALAYIS 5","100"
"575","2020","227-الطوار الثانية","227-AL TWAR SECOND","4909"
"576","2020","228-الطوار الثالثة","228-AL TWAR THIRD","10837"
"577","2020","231-النهدة الأولى","231-AL NAHDA FIRST","31828"
"578","2020","232-القصيص الأولى","232-AL QUSAIS FIRST","46210"
"579","2020","233-القصيص الثانية","233-AL QUSAIS SECOND","12654"
"580","2020","234-القصيص الثالثة","234-AL QUSAIS THIRD","7263"
"581","2020","916-اليفره 2","916-AL YUFRAH 2","858"
"582","2020","915-اليفره 1","915-AL YUFRAH 1","403"
"583","2020","914-أم نهد الرابعة","914-UMM NAHAD FOURTH","4"
"584","2020","913-أم نهد الثالثة","913-UMM NAHAD THIRD","1347"
"585","2020","912-أم نهد الثانية","912-UMM NAHAD SECOND","2"
"586","2020","911-أم نهد الأولى","911-UMM NAHAD FIRST","8"
"587","2020","891-حتا","891-HATTA","14400"
"588","2020","861-يراح","861-YARAAH","95"
"589","2020","857-مرقب","857-MARGAB","635"
"590","2020","851-رماح","851-REMAH","232"
"591","2020","847-أم السلي","847-UMM ESELAY","206"
"592","2020","845-المها","845-AL MAHA","195"
"593","2020","841-مرغم","841-MARGHAM","1023"
"594","2020","835-أم المؤمنين","835-UMM AL MOMENEEN","310"
"595","2020","831-لهباب الثانية","831-LEHBAB SECOND","1530"
"596","2020","826-الحميرا","826-LE HEMAIRA","53"
"597","2020","824-أم الدمن","824-UMM AL DAMAN","287"
"598","2020","821-مرييل","821-MEREIYEEL","1120"
"599","2020","814-الرويه الثالثة","814-AL ROWAIYAH THIRD","4494"
"600","2020","813-الرويه الثانية","813-AL ROWAIYAH SECOND","0"
"601","2020","226-الطوار الأولى","226-AL TWAR FIRST","11687"
"602","2020","221-مطار دبي الدولي","221-DUBAI  AIRPORT","22"
"603","2020","216-الراشدية","216-AL RASHIDIYA","37493"
"604","2020","215-ام رمول","215-UM RAMOOL","2958"
"605","2020","214-القرهود","214-AL GARHOUD","18746"
"606","2020","213-ند شما","213-NAD SHAMMA","3200"
"607","2020","134-الممزر","134-AL MAMZER","15286"
"608","2020","133-هور العنز شرق","133-HOR AL ANZ EAST","21430"
"609","2020","132-الوحيدة","132-AL WAHEDA","21018"
"610","2020","131-ميناء الحمرية","131-AL HAMRIYA PORT","485"
"611","2020","129-بور سعيد","129-PORT SAEED","13708"
"612","2020","128-الخبيصي","128-AL KHBEESI","2016"
"613","2020","127-هورالعنز","127-HOR AL ANZ","83529"
"614","2020","126-ابو هيل","126-ABU HAIL","17481"
"615","2020","125-رقة البطين","125-REGA AL BUTEEN","7216"
"616","2020","124-المرقبات","124-AL MURQABAT","70112"
"617","2020","123-المطينة","123-AL MUTEENA","46510"
"618","2020","122-البراحة","122-AL BARAHA","24961"
"619","2020","121-كورنيش ديرة","121-CORNICHE DEIRA","14"
"620","2020","119-الرقة","119-AL REGA","10623"
"621","2020","118-نايف","118-NAIF","50438"
"622","2020","117-المرر","117-AL MURAR","39227"
"623","2020","116-عيال ناصر","116-AYAL NASIR","19414"
"624","2020","115-السبخة","115-AL SABKHA","4020"
"625","2020","114-البطين","114-AL BUTEEN","2869"
"626","2020","113-الضغاية","113-AL DHAGAYA","15985"
"627","2020","353-الصفا الأولى","353-AL SAFFA FIRST","8722"
"628","2020","354-القوز الأولى","354-AL GOZE FIRST","20573"
"629","2020","355-القوز الثانية","355-AL GOZE SECOND","5354"
"630","2020","356-ام سقيم الأولى","356-UM SUQAIM FIRST","11947"
"631","2020","357-الصفا الثانية","357-AL SAFFA SECOND","6823"
"632","2020","358-القوز الثالثة","358-AL GOZE THIRD","40556"
"633","2020","359-القوز الرابعة","359-AL GOZE FOURTH","23403"
"634","2020","362-ام سقيم الثانية","362-UM SUQAIM SECOND","12572"
"635","2020","363-المنارة","363-AL MANARA","8443"
"636","2020","364-القوز الصناعية الأولى ","364-AL GOZE IND. FIRST ","25860"
"637","2020","365-القوز الصناعية الثانية ","365-AL GOZE IND. SECOND ","160517"
"638","2020","366-ام سقيم الثالثة","366-UM SUQAIM THIRD","7672"
"639","2020","367-ام الشيف","367-UM AL SHEIF","4464"
"640","2020","368-القوز الصناعية الثالثة ","368-AL GOZE IND. THIRD ","25504"
"641","2020","369-القوز الصناعية الرابعة ","369-AL GOZE IND. FOURTH ","37360"
"642","2020","372-الصفوح الأولى","372-AL SAFOUH FIRST","4516"
"643","2020","373-البرشاء الأولى","373-AL BARSHAA FIRST","40202"
"644","2020","375-البرشاء الثالثة","375-AL BARSHAA THIRD","14947"
"645","2020","376-البرشاء الثانية","376-AL BAESHAA SECOND","15901"
"646","2020","381-نخلة جميرا ","381-NAKHLAT JUMEIRA ","24741"
"647","2020","382-الصفوح الثانية","382-AL SOFOUH SECOND","6226"
"648","2020","383-الثنيه الأولى (قرية ربيع الصحراء)","383-AL THANYAH FIRST (V. RABIE SAHRAA)","25202"
"649","2020","384-الثنيه الثانية (مضمار جبل علي)","384-AL THANYAH SECOND (JEBEL ALI HORSE RACING)","115"
"650","2020","388-الثنيه الثالثة (تلال الامارات الثانية)","388-AL THANYAH THIRD (EMIRATE HILLS SECOND)","21769"
"651","2020","392-مرسى دبي (الميناء السياحي) ","392-MARSA DUBAI (AL MINA AL SEYAHI) ","61992"
"652","2020","393-الثنيه الخامسة (تلال الامارات الاولى)","393-AL THANYAH FIFTH (EMIRATE HILLS FIRST) ","41185"
"653","2020","394-الثنيه الرابعة (تلال الامارات الثالثة)","394-AL THANYAH FOURTH (EMIRATE HILLS THIRD) ","28164"
"654","2020","412-الخيران","412-AL KHEERAN","5060"
"655","2020","664-وادي الصفا 6 (المرابع العربية)","664-WADI AL SAFA 6 (ARABIAN RANCHES)","18511"
"656","2020","665-وادي الصفا 7 ","665-WADI AL SAFA 7","8613"
"657","2020","671-البرشاء جنوب الأولى","671-AL BARSHA SOUTH FIRST","14069"
"658","2020","672-البرشاء جنوب الثانية","672-AL BARSHA SOUTH SECOND","7661"
"659","2020","673-البرشاء جنوب الثالثة","673-AL BARSHA SOUTH THIRD","7023"
"660","2020","674-الحبيه الأولى","674-AL HEBIAH FIRST","10767"
"661","2020","675-الحبيه الثانية","675-AL HEBIAH SECOND","1546"
"662","2020","676-الحبيه الثالثة","676-AL HEBIAH THIRD","6955"
"663","2020","677-الحبيه السادسة","677-AL HEBIAH SIXTH","2359"
"664","2020","681-البرشاء جنوب الرابعة","681-AL BARSHA SOUTH FOURTH","26331"
"665","2020","682-الحبيه الرابعة","682-AL HEBIAH FOURTH","20916"
"666","2020","683-الحبيه الخامسة","683-AL HEBIAH FIFTH","9897"
"667","2020","684-البرشاء جنوب الخامسة","684-AL BARSHA SOUTH FIFTH","7506"
"668","2020","685-معيصم الأولى","685-MEAISEM FIRST","18233"
"669","2020","686-معيصم الثانية","686-MEAISEM SECOND","12"
"670","2020","711-العوير الأولى","711-AL AWEER ONE","4312"
"671","2020","721-العوير الثانية","721-AL AWEER TWO","5710"
"672","2020","724-نخلي","724-ENKHALI","2"
"673","2020","727-الوحوش","727-AL WOHOOSH","46"
"674","2020","731-لهباب الأولى","731-LEHBAB FIRST","3243"
"675","2020","735-المريال","735-AL MERYAL","760"
"676","2020","736-نزوه","736-NAZWAH","555"
"677","2020","811-ورسان الثالثة","811-WARSAN THIRD","14943"
"678","2020","812-الرويه الأولى","812-AL ROWAIYAH FIRST","3152"
"679","2021","648-وادي الصفا 5","648-WADI AL SAFA 5","20479"
"680","2021","646-وادي الصفا 4","646-WADI AL SAFA 4","167"
"681","2021","645-وادي الصفا 3","645-WADI AL SAFA 3","10270"
"682","2021","643-وادي الصفا 2","643-WADI AL SAFA 2","10890"
"683","2021","631-حدائق الشيخ محمد بن راشد","631-HADAEQ SHEIKH MOHAMMED BIN RASHID","3356"
"684","2021","626-ند حصة","626-NADD HESSA","40819"
"685","2021","624-ورسان الرابعة","624-WARSAN FOURTH","10104"
"686","2021","622-ورسان الثانية","622-WARSAN SECOND","1409"
"687","2021","621-ورسان الأولى","621-WARSAN FIRST","108176"
"688","2021","618-ند الشبا الأولى","618-NAD AL SHIBBA FIRST","6589"
"689","2021","617-ند الشبا الرابعة","617-NAD AL SHIBBA FOURTH","3898"
"690","2021","616-ند الشبا الثالثة","616-NAD AL SHIBBA THIRD","1137"
"691","2021","615-ند الشبا الثانية","615-NAD AL SHIBBA SECOND","2569"
"692","2021","614-رأس الخور الصناعية الثالثة","614-RAS AL KHOR IND. THIRD","22247"
"693","2021","613-رأس الخور الصناعية الثانية","613-RAS AL KHOR IND. SECOND","1833"
"694","2021","612-رأس الخور الصناعية الأولى","612-RAS AL KHOR IND. FIRST","2160"
"695","2021","611-بو كدرة","611-BU KADRA","112"
"696","2021","599-جبل علي الصناعية الأولى","599-JABAL ALI INDUSTRIAL FIRST","198228"
"697","2021","598-مجمع دبي للإستثمارالاول","598-DUBAI INVESTMENT PARK1","63094"
"698","2021","597-مجمع دبي للإستثمار الثاني","597-DUBAI INVESTMENT PARK2","80118"
"699","2021","594-ميناء جبل علي","594-MENA JABAL ALI","9467"
"700","2021","593-جبل علي الثالثة","593-JABAL ALI THIRD","218"
"701","2021","592-جبل علي الثانية","592-JABAL ALI  SECOND","1008"
"702","2021","591-جبل علي الأولى","591-JABAL ALI FIRST","77363"
"703","2021","533-سيح شعيب 4","533-SAIH SHUAIB 4","10766"
"704","2021","532-سيح شعيب 3","532-SAIH SHUAIB 3","4684"
"705","2021","664-وادي الصفا 6 (المرابع العربية)","664-WADI AL SAFA 6 (ARABIAN RANCHES)","18856"
"706","2021","665-وادي الصفا 7 ","665-WADI AL SAFA 7","8957"
"707","2021","671-البرشاء جنوب الأولى","671-AL BARSHA SOUTH FIRST","14500"
"708","2021","672-البرشاء جنوب الثانية","672-AL BARSHA SOUTH SECOND","7239"
"709","2021","673-البرشاء جنوب الثالثة","673-AL BARSHA SOUTH THIRD","8573"
"710","2021","674-الحبيه الأولى","674-AL HEBIAH FIRST","11155"
"711","2021","675-الحبيه الثانية","675-AL HEBIAH SECOND","1781"
"712","2021","676-الحبيه الثالثة","676-AL HEBIAH THIRD","7238"
"713","2021","677-الحبيه السادسة","677-AL HEBIAH SIXTH","2455"
"714","2021","681-البرشاء جنوب الرابعة","681-AL BARSHA SOUTH FOURTH","29087"
"715","2021","682-الحبيه الرابعة","682-AL HEBIAH FOURTH","21609"
"716","2021","683-الحبيه الخامسة","683-AL HEBIAH FIFTH","10302"
"717","2021","684-البرشاء جنوب الخامسة","684-AL BARSHA SOUTH FIFTH","7809"
"718","2021","685-معيصم الأولى","685-MEAISEM FIRST","18484"
"719","2021","686-معيصم الثانية","686-MEAISEM SECOND","13"
"720","2021","711-العوير الأولى","711-AL AWEER ONE","4488"
"721","2021","721-العوير الثانية","721-AL AWEER TWO","5874"
"722","2021","724-نخلي","724-ENKHALI","2"
"723","2021","727-الوحوش","727-AL WOHOOSH","48"
"724","2021","731-لهباب الأولى","731-LEHBAB FIRST","3389"
"725","2021","735-المريال","735-AL MERYAL","769"
"726","2021","736-نزوه","736-NAZWAH","575"
"727","2021","811-ورسان الثالثة","811-WARSAN THIRD","12613"
"728","2021","812-الرويه الأولى","812-AL ROWAIYAH FIRST","3263"
"729","2021","813-الرويه الثانية","813-AL ROWAIYAH SECOND","0"
"730","2021","814-الرويه الثالثة","814-AL ROWAIYAH THIRD","4897"
"731","2021","991-حفير","991-HEFAIR","0"
"732","2021","988-الليان 2","988-AL LAYAN 2","0"
"733","2021","987-الليان 1","987-AL LAYAN 1","0"
"734","2021","981-مقطره","981-MUGATRAH","347"
"735","2021","978-سيح شعيله","978-SAIH SHUAALAH","3"
"736","2021","975-العشوش","975-AL OSHOOSH","3"
"737","2021","971-سيح الدحل","971-SAIH AL DAHAL","3"
"738","2021","967-غدير براشي","967-GHADEER BARASHY","33"
"739","2021","961-الصلال","961-AL SELAL","684"
"740","2021","956-الحثمة","956-AL HATHMAH","37"
"741","2021","951-سيح السلم","951-SAIH AL SALAM","615"
"742","2021","945-الفقع","945-AL FAGAA","442"
"743","2021","941-قريطيسه","941-GRAYTEESAH","58"
"744","2021","931-الليسيلي","931-AL LESAILY","2950"
"745","2021","925-اليلايس 5","925-AL YALAYIS 5","88"
"746","2021","924-اليلايس 4","924-AL YALAYIS 4","8"
"747","2021","923-اليلايس 3","923-AL YALAYIS 3","4"
"748","2021","922-اليلايس 2","922-AL YALAYIS 2","3685"
"749","2021","921-اليلايس 1","921-AL YALAYIS 1","1679"
"750","2021","919-اليفره 4","919-AL YUFRAH 4","3"
"751","2021","918-اليفره 3","918-AL YUFRAH 3","1539"
"752","2021","917-المرموم","917-AL MARMOOM","141"
"753","2021","916-اليفره 2","916-AL YUFRAH 2","1593"
"754","2021","915-اليفره 1","915-AL YUFRAH 1","403"
"755","2021","914-أم نهد الرابعة","914-UMM NAHAD FOURTH","4"
"756","2021","913-أم نهد الثالثة","913-UMM NAHAD THIRD","3623"
"757","2021","912-أم نهد الثانية","912-UMM NAHAD SECOND","2"
"758","2021","911-أم نهد الأولى","911-UMM NAHAD FIRST","8"
"759","2021","891-حتا","891-HATTA","14985"
"760","2021","861-يراح","861-YARAAH","100"
"761","2021","857-مرقب","857-MARGAB","666"
"762","2021","851-رماح","851-REMAH","195"
"763","2021","847-أم السلي","847-UMM ESELAY","216"
"764","2021","845-المها","845-AL MAHA","205"
"765","2021","841-مرغم","841-MARGHAM","1217"
"766","2021","835-أم المؤمنين","835-UMM AL MOMENEEN","169"
"767","2021","831-لهباب الثانية","831-LEHBAB SECOND","1601"
"768","2021","826-الحميرا","826-LE HEMAIRA","56"
"769","2021","824-أم الدمن","824-UMM AL DAMAN","299"
"770","2021","821-مرييل","821-MEREIYEEL","424"
"771","2021","363-المنارة","363-AL MANARA","8745"
"772","2021","362-ام سقيم الثانية","362-UM SUQAIM SECOND","13236"
"773","2021","359-القوز الرابعة","359-AL GOZE FOURTH","21691"
"774","2021","358-القوز الثالثة","358-AL GOZE THIRD","50190"
"775","2021","364-القوز الصناعية الأولى ","364-AL GOZE IND. FIRST ","28060"
"776","2021","101-نخلة ديرة","101-NAKHLAT DEIRA","2"
"777","2021","111-الكورنيش","111-AL CORNICHE","2593"
"778","2021","112-الرأس","112-AL RASS","8067"
"779","2021","113-الضغاية","113-AL DHAGAYA","16723"
"780","2021","114-البطين","114-AL BUTEEN","3016"
"781","2021","115-السبخة","115-AL SABKHA","4205"
"782","2021","116-عيال ناصر","116-AYAL NASIR","19820"
"783","2021","117-المرر","117-AL MURAR","40105"
"784","2021","118-نايف","118-NAIF","53075"
"785","2021","119-الرقة","119-AL REGA","11097"
"786","2021","531-سيح شعيب 2","531-SAIH SHUAIB 2","12629"
"787","2021","521-مدينة المطار","521-MADINAT AL MATAAR","4150"
"788","2021","518-جبل علي الصناعية الثانية","518-JABAL ALI INDUSTRIAL SECOND","28000"
"789","2021","516-جبل علي الصناعية الثالثة ","516-JABAL ALI INDUSTRIAL THIRD","0"
"790","2021","513-سيح شعيب 1","513-SAIH SHUAIB 1","16"
"791","2021","512-حصيان الثانية","512-HESSYAN SECOND","10381"
"792","2021","511-حصيان الاولى","511-HESSYAN FIRST","3341"
"793","2021","502-الواجهة البحرية","502-AL WAJEHAH AL BHARIYAH","4"
"794","2021","501-نخلة جبل علي","501-NAKHLAT JABAL ALI","5"
"795","2021","431-وادي الشبك ","431-WADI ALSHABAK ","3"
"796","2021","425- الورقاء الخامسة ","425-AL WARQAA FIFTH ","0"
"797","2021","424- الورقاء الرابعة ","424-AL WARQAA FOURTH ","14308"
"798","2021","423-الورقاء الثالثة","423-AL WARQAA THIRD","15613"
"799","2021","422-الورقاء الثانية","422-AL WARQAA  SECOND","11323"
"800","2021","421-الورقاء الأولى","421-AL WARQAA FIRST","26405"
"801","2021","416-ند الحمر","416-NAD AL HAMAR","16930"
"802","2021","415-الخيران الأولى","415-AL KHAIRAN FIRST","2086"
"803","2021","413-رأس الخور","413-RAS AL KHOR","2"
"804","2021","412-الخيران","412-AL KHEERAN","5270"
"805","2021","394-الثنيه الرابعة (تلال الامارات الثالثة)","394-AL THANYAH FOURTH (EMIRATE HILLS THIRD) ","28424"
"806","2021","393-الثنيه الخامسة (تلال الامارات الاولى)","393-AL THANYAH FIFTH (EMIRATE HILLS FIRST) ","40957"
"807","2021","392-مرسى دبي (الميناء السياحي) ","392-MARSA DUBAI (AL MINA AL SEYAHI) ","62570"
"808","2021","388-الثنيه الثالثة (تلال الامارات الثانية)","388-AL THANYAH THIRD (EMIRATE HILLS SECOND)","22394"
"809","2021","384-الثنيه الثانية (مضمار جبل علي)","384-AL THANYAH SECOND (JEBEL ALI HORSE RACING)","0"
"810","2021","383-الثنيه الأولى (قرية ربيع الصحراء)","383-AL THANYAH FIRST (V. RABIE SAHRAA)","25778"
"811","2021","382-الصفوح الثانية","382-AL SOFOUH SECOND","6478"
"812","2021","381-نخلة جميرا ","381-NAKHLAT JUMEIRA ","25050"
"813","2021","376-البرشاء الثانية","376-AL BAESHAA SECOND","16417"
"814","2021","375-البرشاء الثالثة","375-AL BARSHAA THIRD","15401"
"815","2021","373-البرشاء الأولى","373-AL BARSHAA FIRST","41532"
"816","2021","372-الصفوح الأولى","372-AL SAFOUH FIRST","4686"
"817","2021","369-القوز الصناعية الرابعة ","369-AL GOZE IND. FOURTH ","38761"
"818","2021","368-القوز الصناعية الثالثة ","368-AL GOZE IND. THIRD ","17306"
"819","2021","367-ام الشيف","367-UM AL SHEIF","4618"
"820","2021","366-ام سقيم الثالثة","366-UM SUQAIM THIRD","7777"
"821","2021","365-القوز الصناعية الثانية ","365-AL GOZE IND. SECOND ","128867"
"822","2021","267-محصينة الخامسة ","267-MUHAISANAH FIFTH","2"
"823","2021","266-عود المطينة الثانية ","266-OUD AL MUTEEN SECOND ","5820"
"824","2021","265-عود المطينة الأولى","265-OUD AL MUTEEN FIRST","15514"
"825","2021","264-محيصنة الثانية ","264-MUHAISANAH SECOND ","148832"
"826","2021","263-المزهر الثانية","263-AL MEZHAR SECOND","11967"
"827","2021","262-المزهر الأولى","262-AL MEZHAR FIRST","17498"
"828","2021","261-محيصنة الأولى","261-MUHAISANAH FIRST","8616"
"829","2021","252-مشرف","252-MUSHRAIF","70"
"830","2021","251-مردف","251-MURDAF","66736"
"831","2021","248-القصيص الصناعية الخامسة","248-AL QUSAIS IND FIFTH","2722"
"832","2021","247-القصيص الصناعية الرابعة","247-AL QUSAIS IND. FOURTH","2865"
"833","2021","246-القصيص الصناعية الثالثة","246-AL QUSAIS IND. THIRD","2802"
"834","2021","245-محيصنة الرابعة","245-MUHAISANAH FOURTH","35861"
"835","2021","244-محيصنة الثالثة","244-MUHAISANAH THIRD","6865"
"836","2021","243-القصيص الصناعية الثانية","243-AL QUSAIS IND. SECOND","9410"
"837","2021","242-القصيص الصناعية الأولى","242-AL QUSAIS IND. FIRST","10813"
"838","2021","241-النهدة الثانية","241-AL NAHDA SECOND","64458"
"839","2021","234-القصيص الثالثة","234-AL QUSAIS THIRD","7513"
"840","2021","233-القصيص الثانية","233-AL QUSAIS SECOND","12851"
"841","2021","216-الراشدية","216-AL RASHIDIYA","38425"
"842","2021","221-مطار دبي الدولي","221-DUBAI  AIRPORT","121"
"843","2021","226-الطوار الأولى","226-AL TWAR FIRST","12114"
"844","2021","227-الطوار الثانية","227-AL TWAR SECOND","5068"
"845","2021","228-الطوار الثالثة","228-AL TWAR THIRD","11185"
"846","2021","231-النهدة الأولى","231-AL NAHDA FIRST","32757"
"847","2021","232-القصيص الأولى","232-AL QUSAIS FIRST","48378"
"848","2021","215-ام رمول","215-UM RAMOOL","3069"
"849","2021","268-عود المطينة الثالثة","268-OUD AL MUTEEN THIRD ","7061"
"850","2021","271-وادي العمردي","271-WADI ALAMRADI","3565"
"851","2021","281-الخوانيج الأولى","281-AL KHAWANEEJ ONE","13634"
"852","2021","282-الخوانيج الثانية","282-AL KHAWANEEJ TWO","5507"
"853","2021","283-العياص","283-AL AYAS","1843"
"854","2021","284-الطي","284-AL TTAY","10659"
"855","2021","302-شاطئ جميرا","302-JUMEIRA BAY","41"
"856","2021","303-جزر العالم","303-WORLD ISLANDS","7"
"857","2021","304-جزيرة جميرا 2","304-JUMEIRA ISLAND 2","3"
"858","2021","311-الشندغة","311-AL SHANDAGA","7"
"859","2021","312-السوق الكبير","312-AL SUQ AL KABEER","52439"
"860","2021","313-الحمرية","313-AL HAMRIYA","38215"
"861","2021","214-القرهود","214-AL GARHOUD","19726"
"862","2021","314-ام هرير الأولى","314-UM HURAIR FIRST","6482"
"863","2021","315-ام هرير الثانية","315-UM HURAIR SECOND","5633"
"864","2021","316-الرفاعة","316-AL RAFFA","48546"
"865","2021","317-المنخول","317-AL MANKHOOL","41244"
"866","2021","213-ند شما","213-NAD SHAMMA","3305"
"867","2021","134-الممزر","134-AL MAMZER","16534"
"868","2021","318-الكرامة","318-AL KARAMA","76591"
"869","2021","319-عود ميثاء","319-OUD METHA","15568"
"870","2021","321-مدينه دبي الملاحيه (الميناء)","321-MADINAT DUBAI AL MELAHEYAH (AL MINA)","8391"
"871","2021","322-الحضيبة","322-AL HUDAIBA","14504"
"872","2021","133-هور العنز شرق","133-HOR AL ANZ EAST","22026"
"873","2021","323-الجافلية","323-AL JAFLIYA","25033"
"874","2021","324-الكفاف","324-AL KIFAF","602"
"875","2021","132-الوحيدة","132-AL WAHEDA","21608"
"876","2021","325-زعبيل الأولى","325-ZAABEEL FIRST","3449"
"877","2021","326-الجداف","326-AL JADAF","6947"
"878","2021","357-الصفا الثانية","357-AL SAFFA SECOND","7062"
"879","2021","356-ام سقيم الأولى","356-UM SUQAIM FIRST","12468"
"880","2021","121-كورنيش ديرة","121-CORNICHE DEIRA","15"
"881","2021","122-البراحة","122-AL BARAHA","25839"
"882","2021","123-المطينة","123-AL MUTEENA","48739"
"883","2021","355-القوز الثانية","355-AL GOZE SECOND","5543"
"884","2021","124-المرقبات","124-AL MURQABAT","73087"
"885","2021","125-رقة البطين","125-REGA AL BUTEEN","7538"
"886","2021","354-القوز الأولى","354-AL GOZE FIRST","21322"
"887","2021","126-ابو هيل","126-ABU HAIL","18043"
"888","2021","127-هورالعنز","127-HOR AL ANZ","84661"
"889","2021","128-الخبيصي","128-AL KHBEESI","2011"
"890","2021","353-الصفا الأولى","353-AL SAFFA FIRST","9043"
"891","2021","352-جميرا الثالثة","352-JUMEIRA THIRD","14188"
"892","2021","347-المركاض","347-AL MERKADH","1817"
"893","2021","346-الخليج التجاري","346-AL KALIJ AL TEJARI","23943"
"894","2021","129-بور سعيد","129-PORT SAEED","14241"
"895","2021","131-ميناء الحمرية","131-AL HAMRIYA PORT","510"
"896","2021","345-برج خليفة","345-BURJ KHALIFA","21862"
"897","2021","343-الوصل","343-AL WASL","12185"
"898","2021","332-جميرا الأولى","332-JUMEIRA FIRST","21496"
"899","2021","333-البدع","333-AL BADA","58437"
"900","2021","342-جميرا الثانية","342-JUMEIRA SECOND","10660"
"901","2021","337-زعبيل الثانية","337-ZAABEEL SECOND","8568"
"902","2021","336-المركز التجاري الثانية","336-TRADE CENTER SECOND","13515"
"903","2021","334-السطوة","334-AL SATWA","40997"
"904","2021","335-المركز التجاري الأولى","335-TRADE CENTER FIRST","17676"
"905","2022","392-مرسى دبي (الميناء السياحي) ","392-MARSA DUBAI (AL MINA AL SEYAHI) ","63804"
"906","2022","388-الثنيه الثالثة (تلال الامارات الثانية)","388-AL THANYAH THIRD (EMIRATE HILLS SECOND)","22829"
"907","2022","384-الثنيه الثانية (مضمار جبل علي)","384-AL THANYAH SECOND (JEBEL ALI HORSE RACING)","0"
"908","2022","383-الثنيه الأولى (قرية ربيع الصحراء)","383-AL THANYAH FIRST (V. RABIE SAHRAA)","26279"
"909","2022","382-الصفوح الثانية","382-AL SOFOUH SECOND","6609"
"910","2022","381-نخلة جميرا ","381-NAKHLAT JUMEIRA ","25550"
"911","2022","376-البرشاء الثانية","376-AL BAESHAA SECOND","16759"
"912","2022","375-البرشاء الثالثة","375-AL BARSHAA THIRD","15716"
"913","2022","373-البرشاء الأولى","373-AL BARSHAA FIRST","42332"
"914","2022","814-الرويه الثالثة","814-AL ROWAIYAH THIRD","4938"
"915","2022","813-الرويه الثانية","813-AL ROWAIYAH SECOND","0"
"916","2022","372-الصفوح الأولى","372-AL SAFOUH FIRST","4779"
"917","2022","369-القوز الصناعية الرابعة ","369-AL GOZE IND. FOURTH ","39092"
"918","2022","368-القوز الصناعية الثالثة ","368-AL GOZE IND. THIRD ","17526"
"919","2022","367-ام الشيف","367-UM AL SHEIF","4715"
"920","2022","812-الرويه الأولى","812-AL ROWAIYAH FIRST","3283"
"921","2022","811-ورسان الثالثة","811-WARSAN THIRD","12638"
"922","2022","366-ام سقيم الثالثة","366-UM SUQAIM THIRD","7935"
"923","2022","365-القوز الصناعية الثانية ","365-AL GOZE IND. SECOND ","129757"
"924","2022","991-حفير","991-HEFAIR","12"
"925","2022","364-القوز الصناعية الأولى ","364-AL GOZE IND. FIRST ","28561"
"926","2022","988-الليان 2","988-AL LAYAN 2","0"
"927","2022","363-المنارة","363-AL MANARA","8923"
"928","2022","362-ام سقيم الثانية","362-UM SUQAIM SECOND","13502"
"929","2022","987-الليان 1","987-AL LAYAN 1","300"
"930","2022","981-مقطره","981-MUGATRAH","348"
"931","2022","978-سيح شعيله","978-SAIH SHUAALAH","0"
"932","2022","359-القوز الرابعة","359-AL GOZE FOURTH","21942"
"933","2022","358-القوز الثالثة","358-AL GOZE THIRD","50697"
"934","2022","975-العشوش","975-AL OSHOOSH","3"
"935","2022","971-سيح الدحل","971-SAIH AL DAHAL","3"
"936","2022","393-الثنيه الخامسة (تلال الامارات الاولى)","393-AL THANYAH FIFTH (EMIRATE HILLS FIRST) ","41745"
"937","2022","967-غدير براشي","967-GHADEER BARASHY","29"
"938","2022","394-الثنيه الرابعة (تلال الامارات الثالثة)","394-AL THANYAH FOURTH (EMIRATE HILLS THIRD) ","28990"
"939","2022","961-الصلال","961-AL SELAL","685"
"940","2022","412-الخيران","412-AL KHEERAN","5333"
"941","2022","941-قريطيسه","941-GRAYTEESAH","58"
"942","2022","945-الفقع","945-AL FAGAA","447"
"943","2022","956-الحثمة","956-AL HATHMAH","37"
"944","2022","951-سيح السلم","951-SAIH AL SALAM","616"
"945","2022","333-البدع","333-AL BADA","58965"
"946","2022","334-السطوة","334-AL SATWA","40958"
"947","2022","335-المركز التجاري الأولى","335-TRADE CENTER FIRST","18014"
"948","2022","336-المركز التجاري الثانية","336-TRADE CENTER SECOND","13787"
"949","2022","337-زعبيل الثانية","337-ZAABEEL SECOND","8842"
"950","2022","342-جميرا الثانية","342-JUMEIRA SECOND","10876"
"951","2022","343-الوصل","343-AL WASL","12227"
"952","2022","345-برج خليفة","345-BURJ KHALIFA","22291"
"953","2022","346-الخليج التجاري","346-AL KALIJ AL TEJARI","24410"
"954","2022","347-المركاض","347-AL MERKADH","3875"
"955","2022","352-جميرا الثالثة","352-JUMEIRA THIRD","14476"
"956","2022","353-الصفا الأولى","353-AL SAFFA FIRST","9228"
"957","2022","354-القوز الأولى","354-AL GOZE FIRST","21751"
"958","2022","355-القوز الثانية","355-AL GOZE SECOND","5655"
"959","2022","356-ام سقيم الأولى","356-UM SUQAIM FIRST","12720"
"960","2022","357-الصفا الثانية","357-AL SAFFA SECOND","7207"
"961","2022","332-جميرا الأولى","332-JUMEIRA FIRST","21914"
"962","2022","326-الجداف","326-AL JADAF","7477"
"963","2022","325-زعبيل الأولى","325-ZAABEEL FIRST","3519"
"964","2022","324-الكفاف","324-AL KIFAF","1317"
"965","2022","323-الجافلية","323-AL JAFLIYA","25365"
"966","2022","322-الحضيبة","322-AL HUDAIBA","14789"
"967","2022","321-مدينه دبي الملاحيه (الميناء)","321-MADINAT DUBAI AL MELAHEYAH (AL MINA)","8440"
"968","2022","319-عود ميثاء","319-OUD METHA","15874"
"969","2022","318-الكرامة","318-AL KARAMA","77139"
"970","2022","317-المنخول","317-AL MANKHOOL","42056"
"971","2022","316-الرفاعة","316-AL RAFFA","49440"
"972","2022","315-ام هرير الثانية","315-UM HURAIR SECOND","5746"
"973","2022","314-ام هرير الأولى","314-UM HURAIR FIRST","6611"
"974","2022","313-الحمرية","313-AL HAMRIYA","38611"
"975","2022","312-السوق الكبير","312-AL SUQ AL KABEER","53055"
"976","2022","311-الشندغة","311-AL SHANDAGA","7"
"977","2022","304-جزيرة جميرا 2","304-JUMEIRA ISLAND 2","3"
"978","2022","303-جزر العالم","303-WORLD ISLANDS","7"
"979","2022","302-شاطئ جميرا","302-JUMEIRA BAY","50"
"980","2022","284-الطي","284-AL TTAY","10660"
"981","2022","283-العياص","283-AL AYAS","1858"
"982","2022","282-الخوانيج الثانية","282-AL KHAWANEEJ TWO","6031"
"983","2022","281-الخوانيج الأولى","281-AL KHAWANEEJ ONE","13946"
"984","2022","271-وادي العمردي","271-WADI ALAMRADI","3645"
"985","2022","268-عود المطينة الثالثة","268-OUD AL MUTEEN THIRD ","7222"
"986","2022","267-محصينة الخامسة ","267-MUHAISANAH FIFTH","2"
"987","2022","266-عود المطينة الثانية ","266-OUD AL MUTEEN SECOND ","5953"
"988","2022","265-عود المطينة الأولى","265-OUD AL MUTEEN FIRST","15867"
"989","2022","264-محيصنة الثانية ","264-MUHAISANAH SECOND ","150710"
"990","2022","263-المزهر الثانية","263-AL MEZHAR SECOND","12239"
"991","2022","134-الممزر","134-AL MAMZER","16901"
"992","2022","213-ند شما","213-NAD SHAMMA","3378"
"993","2022","214-القرهود","214-AL GARHOUD","20168"
"994","2022","215-ام رمول","215-UM RAMOOL","3119"
"995","2022","216-الراشدية","216-AL RASHIDIYA","38408"
"996","2022","221-مطار دبي الدولي","221-DUBAI  AIRPORT","121"
"997","2022","226-الطوار الأولى","226-AL TWAR FIRST","12403"
"998","2022","227-الطوار الثانية","227-AL TWAR SECOND","5184"
"999","2022","228-الطوار الثالثة","228-AL TWAR THIRD","11439"
"1000","2022","231-النهدة الأولى","231-AL NAHDA FIRST","33484"
"1001","2022","232-القصيص الأولى","232-AL QUSAIS FIRST","49504"
"1002","2022","233-القصيص الثانية","233-AL QUSAIS SECOND","13137"
"1003","2022","234-القصيص الثالثة","234-AL QUSAIS THIRD","7685"
"1004","2022","241-النهدة الثانية","241-AL NAHDA SECOND","65947"
"1005","2022","242-القصيص الصناعية الأولى","242-AL QUSAIS IND. FIRST","11068"
"1006","2022","243-القصيص الصناعية الثانية","243-AL QUSAIS IND. SECOND","9627"
"1007","2022","244-محيصنة الثالثة","244-MUHAISANAH THIRD","7024"
"1008","2022","245-محيصنة الرابعة","245-MUHAISANAH FOURTH","36338"
"1009","2022","246-القصيص الصناعية الثالثة","246-AL QUSAIS IND. THIRD","2838"
"1010","2022","247-القصيص الصناعية الرابعة","247-AL QUSAIS IND. FOURTH","2932"
"1011","2022","248-القصيص الصناعية الخامسة","248-AL QUSAIS IND FIFTH","7032"
"1012","2022","251-مردف","251-MURDAF","68346"
"1013","2022","252-مشرف","252-MUSHRAIF","81"
"1014","2022","261-محيصنة الأولى","261-MUHAISANAH FIRST","8809"
"1015","2022","262-المزهر الأولى","262-AL MEZHAR FIRST","17898"
"1016","2022","592-جبل علي الثانية","592-JABAL ALI  SECOND","1011"
"1017","2022","593-جبل علي الثالثة","593-JABAL ALI THIRD","218"
"1018","2022","594-ميناء جبل علي","594-MENA JABAL ALI","9527"
"1019","2022","597-مجمع دبي للإستثمار الثاني","597-DUBAI INVESTMENT PARK2","80537"
"1020","2022","598-مجمع دبي للإستثمارالاول","598-DUBAI INVESTMENT PARK1","63591"
"1021","2022","599-جبل علي الصناعية الأولى","599-JABAL ALI INDUSTRIAL FIRST","199780"
"1022","2022","611-بو كدرة","611-BU KADRA","113"
"1023","2022","612-رأس الخور الصناعية الأولى","612-RAS AL KHOR IND. FIRST","2176"
"1024","2022","613-رأس الخور الصناعية الثانية","613-RAS AL KHOR IND. SECOND","1851"
"1025","2022","614-رأس الخور الصناعية الثالثة","614-RAS AL KHOR IND. THIRD","22442"
"1026","2022","615-ند الشبا الثانية","615-NAD AL SHIBBA SECOND","2613"
"1027","2022","616-ند الشبا الثالثة","616-NAD AL SHIBBA THIRD","1259"
"1028","2022","617-ند الشبا الرابعة","617-NAD AL SHIBBA FOURTH","3968"
"1029","2022","618-ند الشبا الأولى","618-NAD AL SHIBBA FIRST","6872"
"1030","2022","621-ورسان الأولى","621-WARSAN FIRST","108637"
"1031","2022","622-ورسان الثانية","622-WARSAN SECOND","1415"
"1032","2022","624-ورسان الرابعة","624-WARSAN FOURTH","10205"
"1033","2022","626-ند حصة","626-NADD HESSA","50559"
"1034","2022","631-حدائق الشيخ محمد بن راشد","631-HADAEQ SHEIKH MOHAMMED BIN RASHID","4692"
"1035","2022","643-وادي الصفا 2","643-WADI AL SAFA 2","11010"
"1036","2022","645-وادي الصفا 3","645-WADI AL SAFA 3","10475"
"1037","2022","646-وادي الصفا 4","646-WADI AL SAFA 4","169"
"1038","2022","648-وادي الصفا 5","648-WADI AL SAFA 5","20704"
"1039","2022","664-وادي الصفا 6 (المرابع العربية)","664-WADI AL SAFA 6 (ARABIAN RANCHES)","19268"
"1040","2022","665-وادي الصفا 7 ","665-WADI AL SAFA 7","9358"
"1041","2022","671-البرشاء جنوب الأولى","671-AL BARSHA SOUTH FIRST","14761"
"1042","2022","672-البرشاء جنوب الثانية","672-AL BARSHA SOUTH SECOND","7350"
"1043","2022","673-البرشاء جنوب الثالثة","673-AL BARSHA SOUTH THIRD","8660"
"1044","2022","674-الحبيه الأولى","674-AL HEBIAH FIRST","11279"
"1045","2022","675-الحبيه الثانية","675-AL HEBIAH SECOND","1798"
"1046","2022","676-الحبيه الثالثة","676-AL HEBIAH THIRD","7419"
"1047","2022","677-الحبيه السادسة","677-AL HEBIAH SIXTH","2483"
"1048","2022","681-البرشاء جنوب الرابعة","681-AL BARSHA SOUTH FOURTH","29373"
"1049","2022","682-الحبيه الرابعة","682-AL HEBIAH FOURTH","21842"
"1050","2022","683-الحبيه الخامسة","683-AL HEBIAH FIFTH","10412"
"1051","2022","684-البرشاء جنوب الخامسة","684-AL BARSHA SOUTH FIFTH","7997"
"1052","2022","685-معيصم الأولى","685-MEAISEM FIRST","18664"
"1053","2022","686-معيصم الثانية","686-MEAISEM SECOND","13"
"1054","2022","711-العوير الأولى","711-AL AWEER ONE","4997"
"1055","2022","721-العوير الثانية","721-AL AWEER TWO","6060"
"1056","2022","724-نخلي","724-ENKHALI","2"
"1057","2022","727-الوحوش","727-AL WOHOOSH","47"
"1058","2022","731-لهباب الأولى","731-LEHBAB FIRST","3425"
"1059","2022","735-المريال","735-AL MERYAL","775"
"1060","2022","736-نزوه","736-NAZWAH","595"
"1061","2022","821-مرييل","821-MEREIYEEL","425"
"1062","2022","824-أم الدمن","824-UMM AL DAMAN","301"
"1063","2022","413-رأس الخور","413-RAS AL KHOR","2"
"1064","2022","415-الخيران الأولى","415-AL KHAIRAN FIRST","2529"
"1065","2022","416-ند الحمر","416-NAD AL HAMAR","18520"
"1066","2022","421-الورقاء الأولى","421-AL WARQAA FIRST","26803"
"1067","2022","422-الورقاء الثانية","422-AL WARQAA  SECOND","11530"
"1068","2022","423-الورقاء الثالثة","423-AL WARQAA THIRD","15901"
"1069","2022","424- الورقاء الرابعة ","424-AL WARQAA FOURTH ","14575"
"1070","2022","425- الورقاء الخامسة ","425-AL WARQAA FIFTH ","0"
"1071","2022","431-وادي الشبك ","431-WADI ALSHABAK ","90"
"1072","2022","501-نخلة جبل علي","501-NAKHLAT JABAL ALI","5"
"1073","2022","502-الواجهة البحرية","502-AL WAJEHAH AL BHARIYAH","4"
"1074","2022","511-حصيان الاولى","511-HESSYAN FIRST","3365"
"1075","2022","512-حصيان الثانية","512-HESSYAN SECOND","10418"
"1076","2022","513-سيح شعيب 1","513-SAIH SHUAIB 1","90"
"1077","2022","516-جبل علي الصناعية الثالثة ","516-JABAL ALI INDUSTRIAL THIRD","0"
"1078","2022","518-جبل علي الصناعية الثانية","518-JABAL ALI INDUSTRIAL SECOND","28152"
"1079","2022","521-مدينة المطار","521-MADINAT AL MATAAR","5885"
"1080","2022","531-سيح شعيب 2","531-SAIH SHUAIB 2","12699"
"1081","2022","532-سيح شعيب 3","532-SAIH SHUAIB 3","4684"
"1082","2022","533-سيح شعيب 4","533-SAIH SHUAIB 4","10806"
"1083","2022","591-جبل علي الأولى","591-JABAL ALI FIRST","78243"
"1084","2022","826-الحميرا","826-LE HEMAIRA","56"
"1085","2022","831-لهباب الثانية","831-LEHBAB SECOND","1617"
"1086","2022","835-أم المؤمنين","835-UMM AL MOMENEEN","170"
"1087","2022","841-مرغم","841-MARGHAM","1230"
"1088","2022","845-المها","845-AL MAHA","206"
"1089","2022","847-أم السلي","847-UMM ESELAY","218"
"1090","2022","851-رماح","851-REMAH","195"
"1091","2022","857-مرقب","857-MARGAB","671"
"1092","2022","861-يراح","861-YARAAH","101"
"1093","2022","891-حتا","891-HATTA","15324"
"1094","2022","911-أم نهد الأولى","911-UMM NAHAD FIRST","8"
"1095","2022","912-أم نهد الثانية","912-UMM NAHAD SECOND","2"
"1096","2022","913-أم نهد الثالثة","913-UMM NAHAD THIRD","3633"
"1097","2022","914-أم نهد الرابعة","914-UMM NAHAD FOURTH","4"
"1098","2022","915-اليفره 1","915-AL YUFRAH 1","403"
"1099","2022","916-اليفره 2","916-AL YUFRAH 2","2008"
"1100","2022","917-المرموم","917-AL MARMOOM","143"
"1101","2022","918-اليفره 3","918-AL YUFRAH 3","1754"
"1102","2022","919-اليفره 4","919-AL YUFRAH 4","3"
"1103","2022","921-اليلايس 1","921-AL YALAYIS 1","2494"
"1104","2022","922-اليلايس 2","922-AL YALAYIS 2","5292"
"1105","2022","923-اليلايس 3","923-AL YALAYIS 3","4"
"1106","2022","924-اليلايس 4","924-AL YALAYIS 4","8"
"1107","2022","925-اليلايس 5","925-AL YALAYIS 5","85"
"1108","2022","931-الليسيلي","931-AL LESAILY","3017"
"1109","2022","101-نخلة ديرة","101-NAKHLAT DEIRA","2"
"1110","2022","111-الكورنيش","111-AL CORNICHE","2670"
"1111","2022","112-الرأس","112-AL RASS","8143"
"1112","2022","113-الضغاية","113-AL DHAGAYA","16873"
"1113","2022","114-البطين","114-AL BUTEEN","3081"
"1114","2022","115-السبخة","115-AL SABKHA","4291"
"1115","2022","116-عيال ناصر","116-AYAL NASIR","20139"
"1116","2022","117-المرر","117-AL MURAR","40456"
"1117","2022","118-نايف","118-NAIF","53403"
"1118","2022","119-الرقة","119-AL REGA","11318"
"1119","2022","121-كورنيش ديرة","121-CORNICHE DEIRA","15"
"1120","2022","122-البراحة","122-AL BARAHA","26115"
"1121","2022","123-المطينة","123-AL MUTEENA","49276"
"1122","2022","124-المرقبات","124-AL MURQABAT","73879"
"1123","2022","125-رقة البطين","125-REGA AL BUTEEN","7687"
"1124","2022","126-ابو هيل","126-ABU HAIL","18116"
"1125","2022","127-هورالعنز","127-HOR AL ANZ","85080"
"1126","2022","128-الخبيصي","128-AL KHBEESI","2042"
"1127","2022","129-بور سعيد","129-PORT SAEED","14425"
"1128","2022","131-ميناء الحمرية","131-AL HAMRIYA PORT","507"
"1129","2022","132-الوحيدة","132-AL WAHEDA","21686"
"1130","2022","133-هور العنز شرق","133-HOR AL ANZ EAST","22143"
